row_id,model_id,disk_id,tp,pp,dp,dp_mode,dtype,hardware,length_config,status,best_batch_size,throughput,ttft_ms,tpot_ms,error,build_number,build_url,server_log,client_log
AMead10/Llama-3.2-1B-Instruct-AWQ__tp1_pp1_dp6,AMead10/Llama-3.2-1B-Instruct-AWQ,3,1,1,6,router_dp,bfloat16,gnr,1024/1024,PASS,334,7191.72,4941.2,41.26,missing_result_file,28,https://inteltf-jenk.sh.intel.com/job/ipex_pytorch_cpu_vllm_benchmark_router-serving-GNR-weekly-automated/28/,/localdisk2/jenkins_dir/workspace/ipex_pytorch_cpu_vllm_benchmark_router-serving-GNR-weekly-automated/logs/server_AMead10_Llama-3.2-1B-Instruct-AWQ__tp1_pp1_dp6.log,/localdisk2/jenkins_dir/workspace/ipex_pytorch_cpu_vllm_benchmark_router-serving-GNR-weekly-automated/logs/client_AMead10_Llama-3.2-1B-Instruct-AWQ__tp1_pp1_dp6_Length-1024_1024.log
AMead10/Llama-3.2-3B-Instruct-AWQ__tp1_pp1_dp6,AMead10/Llama-3.2-3B-Instruct-AWQ,3,1,1,6,router_dp,bfloat16,gnr,1024/1024,PASS,90,864.6,4530.74,99.29,missing_result_file,28,https://inteltf-jenk.sh.intel.com/job/ipex_pytorch_cpu_vllm_benchmark_router-serving-GNR-weekly-automated/28/,/localdisk2/jenkins_dir/workspace/ipex_pytorch_cpu_vllm_benchmark_router-serving-GNR-weekly-automated/logs/server_AMead10_Llama-3.2-3B-Instruct-AWQ__tp1_pp1_dp6.log,/localdisk2/jenkins_dir/workspace/ipex_pytorch_cpu_vllm_benchmark_router-serving-GNR-weekly-automated/logs/client_AMead10_Llama-3.2-3B-Instruct-AWQ__tp1_pp1_dp6_Length-1024_1024.log
Qwen/QwQ-32B-AWQ__tp2_pp1_dp2,Qwen/QwQ-32B-AWQ,3,2,1,2,router_dp,bfloat16,gnr,1024/1024,SLA_NOT_MET,1,7.18,1523.44,137.84,missing_result_file,28,https://inteltf-jenk.sh.intel.com/job/ipex_pytorch_cpu_vllm_benchmark_router-serving-GNR-weekly-automated/28/,/localdisk2/jenkins_dir/workspace/ipex_pytorch_cpu_vllm_benchmark_router-serving-GNR-weekly-automated/logs/server_Qwen_QwQ-32B-AWQ__tp2_pp1_dp2.log,/localdisk2/jenkins_dir/workspace/ipex_pytorch_cpu_vllm_benchmark_router-serving-GNR-weekly-automated/logs/client_Qwen_QwQ-32B-AWQ__tp2_pp1_dp2_Length-1024_1024.log
Qwen/QwQ-32B__tp2_pp1_dp2,Qwen/QwQ-32B,1,2,1,2,router_dp,bfloat16,gnr,1024/1024,SLA_NOT_MET,1,6.49,1431.2,152.8,missing_result_file,28,https://inteltf-jenk.sh.intel.com/job/ipex_pytorch_cpu_vllm_benchmark_router-serving-GNR-weekly-automated/28/,/localdisk2/jenkins_dir/workspace/ipex_pytorch_cpu_vllm_benchmark_router-serving-GNR-weekly-automated/logs/server_Qwen_QwQ-32B__tp2_pp1_dp2.log,/localdisk2/jenkins_dir/workspace/ipex_pytorch_cpu_vllm_benchmark_router-serving-GNR-weekly-automated/logs/client_Qwen_QwQ-32B__tp2_pp1_dp2_Length-1024_1024.log
Qwen/Qwen1.5-0.5B-Chat-GPTQ-Int4__tp1_pp1_dp6,Qwen/Qwen1.5-0.5B-Chat-GPTQ-Int4,3,1,1,6,router_dp,bfloat16,gnr,1024/1024,PASS,365,5346.7,2752.04,64.84,missing_result_file,28,https://inteltf-jenk.sh.intel.com/job/ipex_pytorch_cpu_vllm_benchmark_router-serving-GNR-weekly-automated/28/,/localdisk2/jenkins_dir/workspace/ipex_pytorch_cpu_vllm_benchmark_router-serving-GNR-weekly-automated/logs/server_Qwen_Qwen1.5-0.5B-Chat-GPTQ-Int4__tp1_pp1_dp6.log,/localdisk2/jenkins_dir/workspace/ipex_pytorch_cpu_vllm_benchmark_router-serving-GNR-weekly-automated/logs/client_Qwen_Qwen1.5-0.5B-Chat-GPTQ-Int4__tp1_pp1_dp6_Length-1024_1024.log
Qwen/Qwen2.5-VL-7B-Instruct__tp1_pp1_dp6,Qwen/Qwen2.5-VL-7B-Instruct,1,1,1,6,router_dp,bfloat16,gnr,1024/1024,PASS,50,478.82,3460.64,99.6,missing_result_file,28,https://inteltf-jenk.sh.intel.com/job/ipex_pytorch_cpu_vllm_benchmark_router-serving-GNR-weekly-automated/28/,/localdisk2/jenkins_dir/workspace/ipex_pytorch_cpu_vllm_benchmark_router-serving-GNR-weekly-automated/logs/server_Qwen_Qwen2.5-VL-7B-Instruct__tp1_pp1_dp6.log,/localdisk2/jenkins_dir/workspace/ipex_pytorch_cpu_vllm_benchmark_router-serving-GNR-weekly-automated/logs/client_Qwen_Qwen2.5-VL-7B-Instruct__tp1_pp1_dp6_Length-1024_1024.log
Qwen/Qwen3-1.7B__tp1_pp1_dp6,Qwen/Qwen3-1.7B,1,1,1,6,router_dp,bfloat16,gnr,1024/1024,PASS,330,3530.17,4956.96,85.89,missing_result_file,28,https://inteltf-jenk.sh.intel.com/job/ipex_pytorch_cpu_vllm_benchmark_router-serving-GNR-weekly-automated/28/,/localdisk2/jenkins_dir/workspace/ipex_pytorch_cpu_vllm_benchmark_router-serving-GNR-weekly-automated/logs/server_Qwen_Qwen3-1.7B__tp1_pp1_dp6.log,/localdisk2/jenkins_dir/workspace/ipex_pytorch_cpu_vllm_benchmark_router-serving-GNR-weekly-automated/logs/client_Qwen_Qwen3-1.7B__tp1_pp1_dp6_Length-1024_1024.log
Qwen/Qwen3-14B-AWQ__tp2_pp1_dp2,Qwen/Qwen3-14B-AWQ,3,2,1,2,router_dp,bfloat16,gnr,1024/1024,PASS,14,135.68,3912.04,99.01,missing_result_file,28,https://inteltf-jenk.sh.intel.com/job/ipex_pytorch_cpu_vllm_benchmark_router-serving-GNR-weekly-automated/28/,/localdisk2/jenkins_dir/workspace/ipex_pytorch_cpu_vllm_benchmark_router-serving-GNR-weekly-automated/logs/server_Qwen_Qwen3-14B-AWQ__tp2_pp1_dp2.log,/localdisk2/jenkins_dir/workspace/ipex_pytorch_cpu_vllm_benchmark_router-serving-GNR-weekly-automated/logs/client_Qwen_Qwen3-14B-AWQ__tp2_pp1_dp2_Length-1024_1024.log
Qwen/Qwen3-14B__tp2_pp1_dp2,Qwen/Qwen3-14B,3,2,1,2,router_dp,bfloat16,gnr,1024/1024,PASS,11,106.38,2594.9,97.88,missing_result_file,28,https://inteltf-jenk.sh.intel.com/job/ipex_pytorch_cpu_vllm_benchmark_router-serving-GNR-weekly-automated/28/,/localdisk2/jenkins_dir/workspace/ipex_pytorch_cpu_vllm_benchmark_router-serving-GNR-weekly-automated/logs/server_Qwen_Qwen3-14B__tp2_pp1_dp2.log,/localdisk2/jenkins_dir/workspace/ipex_pytorch_cpu_vllm_benchmark_router-serving-GNR-weekly-automated/logs/client_Qwen_Qwen3-14B__tp2_pp1_dp2_Length-1024_1024.log
Qwen/Qwen3-235B-A22B__tp4_pp1_dp1,Qwen/Qwen3-235B-A22B,1,4,1,1,none,bfloat16,gnr,1024/1024,PASS,1,11.56,1193.02,85.46,missing_result_file,28,https://inteltf-jenk.sh.intel.com/job/ipex_pytorch_cpu_vllm_benchmark_router-serving-GNR-weekly-automated/28/,/localdisk2/jenkins_dir/workspace/ipex_pytorch_cpu_vllm_benchmark_router-serving-GNR-weekly-automated/logs/server_Qwen_Qwen3-235B-A22B__tp4_pp1_dp1.log,/localdisk2/jenkins_dir/workspace/ipex_pytorch_cpu_vllm_benchmark_router-serving-GNR-weekly-automated/logs/client_Qwen_Qwen3-235B-A22B__tp4_pp1_dp1_Length-1024_1024.log
Qwen/Qwen3-30B-A3B__tp2_pp1_dp2,Qwen/Qwen3-30B-A3B,3,2,1,2,router_dp,bfloat16,gnr,1024/1024,PASS,50,478.07,4004.42,98.58,missing_result_file,28,https://inteltf-jenk.sh.intel.com/job/ipex_pytorch_cpu_vllm_benchmark_router-serving-GNR-weekly-automated/28/,/localdisk2/jenkins_dir/workspace/ipex_pytorch_cpu_vllm_benchmark_router-serving-GNR-weekly-automated/logs/server_Qwen_Qwen3-30B-A3B__tp2_pp1_dp2.log,/localdisk2/jenkins_dir/workspace/ipex_pytorch_cpu_vllm_benchmark_router-serving-GNR-weekly-automated/logs/client_Qwen_Qwen3-30B-A3B__tp2_pp1_dp2_Length-1024_1024.log
Qwen/Qwen3-4B__tp1_pp1_dp6,Qwen/Qwen3-4B,1,1,1,6,router_dp,bfloat16,gnr,1024/1024,PASS,103,1213.61,4759.7,76.31,missing_result_file,28,https://inteltf-jenk.sh.intel.com/job/ipex_pytorch_cpu_vllm_benchmark_router-serving-GNR-weekly-automated/28/,/localdisk2/jenkins_dir/workspace/ipex_pytorch_cpu_vllm_benchmark_router-serving-GNR-weekly-automated/logs/server_Qwen_Qwen3-4B__tp1_pp1_dp6.log,/localdisk2/jenkins_dir/workspace/ipex_pytorch_cpu_vllm_benchmark_router-serving-GNR-weekly-automated/logs/client_Qwen_Qwen3-4B__tp1_pp1_dp6_Length-1024_1024.log
Qwen/Qwen3-8B__tp1_pp1_dp6,Qwen/Qwen3-8B,1,1,1,6,router_dp,bfloat16,gnr,1024/1024,PASS,41,421.16,4830.88,89.52,missing_result_file,28,https://inteltf-jenk.sh.intel.com/job/ipex_pytorch_cpu_vllm_benchmark_router-serving-GNR-weekly-automated/28/,/localdisk2/jenkins_dir/workspace/ipex_pytorch_cpu_vllm_benchmark_router-serving-GNR-weekly-automated/logs/server_Qwen_Qwen3-8B__tp1_pp1_dp6.log,/localdisk2/jenkins_dir/workspace/ipex_pytorch_cpu_vllm_benchmark_router-serving-GNR-weekly-automated/logs/client_Qwen_Qwen3-8B__tp1_pp1_dp6_Length-1024_1024.log
Qwen/Qwen3-VL-30B-A3B-Instruct__tp2_pp1_dp2,Qwen/Qwen3-VL-30B-A3B-Instruct,3,2,1,2,router_dp,bfloat16,gnr,1024/1024,PASS,18,170.07,2427.9,99.6,missing_result_file,28,https://inteltf-jenk.sh.intel.com/job/ipex_pytorch_cpu_vllm_benchmark_router-serving-GNR-weekly-automated/28/,/localdisk2/jenkins_dir/workspace/ipex_pytorch_cpu_vllm_benchmark_router-serving-GNR-weekly-automated/logs/server_Qwen_Qwen3-VL-30B-A3B-Instruct__tp2_pp1_dp2.log,/localdisk2/jenkins_dir/workspace/ipex_pytorch_cpu_vllm_benchmark_router-serving-GNR-weekly-automated/logs/client_Qwen_Qwen3-VL-30B-A3B-Instruct__tp2_pp1_dp2_Length-1024_1024.log
RedHatAI/DeepSeek-R1-Distill-Llama-70B-quantized.w8a8__tp2_pp1_dp2,RedHatAI/DeepSeek-R1-Distill-Llama-70B-quantized.w8a8,3,2,1,2,router_dp,bfloat16,gnr,1024/1024,SLA_NOT_MET,1,5.68,2855.47,173.51,missing_result_file,28,https://inteltf-jenk.sh.intel.com/job/ipex_pytorch_cpu_vllm_benchmark_router-serving-GNR-weekly-automated/28/,/localdisk2/jenkins_dir/workspace/ipex_pytorch_cpu_vllm_benchmark_router-serving-GNR-weekly-automated/logs/server_RedHatAI_DeepSeek-R1-Distill-Llama-70B-quantized.w8a8__tp2_pp1_dp2.log,/localdisk2/jenkins_dir/workspace/ipex_pytorch_cpu_vllm_benchmark_router-serving-GNR-weekly-automated/logs/client_RedHatAI_DeepSeek-R1-Distill-Llama-70B-quantized.w8a8__tp2_pp1_dp2_Length-1024_1024.log
RedHatAI/Llama-3.2-1B-Instruct-quantized.w8a8__tp1_pp1_dp6,RedHatAI/Llama-3.2-1B-Instruct-quantized.w8a8,3,1,1,6,router_dp,bfloat16,gnr,1024/1024,PASS,360,8207.82,3236.49,39.25,missing_result_file,28,https://inteltf-jenk.sh.intel.com/job/ipex_pytorch_cpu_vllm_benchmark_router-serving-GNR-weekly-automated/28/,/localdisk2/jenkins_dir/workspace/ipex_pytorch_cpu_vllm_benchmark_router-serving-GNR-weekly-automated/logs/server_RedHatAI_Llama-3.2-1B-Instruct-quantized.w8a8__tp1_pp1_dp6.log,/localdisk2/jenkins_dir/workspace/ipex_pytorch_cpu_vllm_benchmark_router-serving-GNR-weekly-automated/logs/client_RedHatAI_Llama-3.2-1B-Instruct-quantized.w8a8__tp1_pp1_dp6_Length-1024_1024.log
RedHatAI/Llama-3.2-3B-Instruct-quantized.w8a8__tp1_pp1_dp6,RedHatAI/Llama-3.2-3B-Instruct-quantized.w8a8,3,1,1,6,router_dp,bfloat16,gnr,1024/1024,PASS,114,1118.08,3250.3,97.82,missing_result_file,28,https://inteltf-jenk.sh.intel.com/job/ipex_pytorch_cpu_vllm_benchmark_router-serving-GNR-weekly-automated/28/,/localdisk2/jenkins_dir/workspace/ipex_pytorch_cpu_vllm_benchmark_router-serving-GNR-weekly-automated/logs/server_RedHatAI_Llama-3.2-3B-Instruct-quantized.w8a8__tp1_pp1_dp6.log,/localdisk2/jenkins_dir/workspace/ipex_pytorch_cpu_vllm_benchmark_router-serving-GNR-weekly-automated/logs/client_RedHatAI_Llama-3.2-3B-Instruct-quantized.w8a8__tp1_pp1_dp6_Length-1024_1024.log
RedHatAI/Meta-Llama-3.1-8B-Instruct-quantized.w8a8__tp1_pp1_dp6,RedHatAI/Meta-Llama-3.1-8B-Instruct-quantized.w8a8,3,1,1,6,router_dp,bfloat16,gnr,1024/1024,PASS,66,904.69,4717.72,63.11,missing_result_file,28,https://inteltf-jenk.sh.intel.com/job/ipex_pytorch_cpu_vllm_benchmark_router-serving-GNR-weekly-automated/28/,/localdisk2/jenkins_dir/workspace/ipex_pytorch_cpu_vllm_benchmark_router-serving-GNR-weekly-automated/logs/server_RedHatAI_Meta-Llama-3.1-8B-Instruct-quantized.w8a8__tp1_pp1_dp6.log,/localdisk2/jenkins_dir/workspace/ipex_pytorch_cpu_vllm_benchmark_router-serving-GNR-weekly-automated/logs/client_RedHatAI_Meta-Llama-3.1-8B-Instruct-quantized.w8a8__tp1_pp1_dp6_Length-1024_1024.log
RedHatAI/Meta-Llama-3.1-8B-quantized.w8a8__tp1_pp1_dp6,RedHatAI/Meta-Llama-3.1-8B-quantized.w8a8,3,1,1,6,router_dp,bfloat16,gnr,1024/1024,PASS,68,916.51,4991.05,63.18,missing_result_file,28,https://inteltf-jenk.sh.intel.com/job/ipex_pytorch_cpu_vllm_benchmark_router-serving-GNR-weekly-automated/28/,/localdisk2/jenkins_dir/workspace/ipex_pytorch_cpu_vllm_benchmark_router-serving-GNR-weekly-automated/logs/server_RedHatAI_Meta-Llama-3.1-8B-quantized.w8a8__tp1_pp1_dp6.log,/localdisk2/jenkins_dir/workspace/ipex_pytorch_cpu_vllm_benchmark_router-serving-GNR-weekly-automated/logs/client_RedHatAI_Meta-Llama-3.1-8B-quantized.w8a8__tp1_pp1_dp6_Length-1024_1024.log
RedHatAI/QwQ-32B-quantized.w8a8__tp2_pp1_dp2,RedHatAI/QwQ-32B-quantized.w8a8,3,2,1,2,router_dp,bfloat16,gnr,1024/1024,PASS,2,21.6,1037.31,90.69,missing_result_file,28,https://inteltf-jenk.sh.intel.com/job/ipex_pytorch_cpu_vllm_benchmark_router-serving-GNR-weekly-automated/28/,/localdisk2/jenkins_dir/workspace/ipex_pytorch_cpu_vllm_benchmark_router-serving-GNR-weekly-automated/logs/server_RedHatAI_QwQ-32B-quantized.w8a8__tp2_pp1_dp2.log,/localdisk2/jenkins_dir/workspace/ipex_pytorch_cpu_vllm_benchmark_router-serving-GNR-weekly-automated/logs/client_RedHatAI_QwQ-32B-quantized.w8a8__tp2_pp1_dp2_Length-1024_1024.log
TheBloke/Mistral-7B-Instruct-v0.2-AWQ__tp1_pp1_dp6,TheBloke/Mistral-7B-Instruct-v0.2-AWQ,3,1,1,6,router_dp,bfloat16,gnr,1024/1024,PASS,54,581.11,4764.93,86.92,missing_result_file,28,https://inteltf-jenk.sh.intel.com/job/ipex_pytorch_cpu_vllm_benchmark_router-serving-GNR-weekly-automated/28/,/localdisk2/jenkins_dir/workspace/ipex_pytorch_cpu_vllm_benchmark_router-serving-GNR-weekly-automated/logs/server_TheBloke_Mistral-7B-Instruct-v0.2-AWQ__tp1_pp1_dp6.log,/localdisk2/jenkins_dir/workspace/ipex_pytorch_cpu_vllm_benchmark_router-serving-GNR-weekly-automated/logs/client_TheBloke_Mistral-7B-Instruct-v0.2-AWQ__tp1_pp1_dp6_Length-1024_1024.log
TheBloke/TinyLlama-1.1B-Chat-v1.0-AWQ__tp1_pp1_dp6,TheBloke/TinyLlama-1.1B-Chat-v1.0-AWQ,3,1,1,6,router_dp,bfloat16,gnr,1024/1024,PASS,305,7436.79,4952.94,35.7,missing_result_file,28,https://inteltf-jenk.sh.intel.com/job/ipex_pytorch_cpu_vllm_benchmark_router-serving-GNR-weekly-automated/28/,/localdisk2/jenkins_dir/workspace/ipex_pytorch_cpu_vllm_benchmark_router-serving-GNR-weekly-automated/logs/server_TheBloke_TinyLlama-1.1B-Chat-v1.0-AWQ__tp1_pp1_dp6.log,/localdisk2/jenkins_dir/workspace/ipex_pytorch_cpu_vllm_benchmark_router-serving-GNR-weekly-automated/logs/client_TheBloke_TinyLlama-1.1B-Chat-v1.0-AWQ__tp1_pp1_dp6_Length-1024_1024.log
TheBloke/TinyLlama-1.1B-Chat-v1.0-GPTQ__tp1_pp1_dp6,TheBloke/TinyLlama-1.1B-Chat-v1.0-GPTQ,3,1,1,6,router_dp,bfloat16,gnr,1024/1024,PASS,308,7213.04,4983.11,37.3,missing_result_file,28,https://inteltf-jenk.sh.intel.com/job/ipex_pytorch_cpu_vllm_benchmark_router-serving-GNR-weekly-automated/28/,/localdisk2/jenkins_dir/workspace/ipex_pytorch_cpu_vllm_benchmark_router-serving-GNR-weekly-automated/logs/server_TheBloke_TinyLlama-1.1B-Chat-v1.0-GPTQ__tp1_pp1_dp6.log,/localdisk2/jenkins_dir/workspace/ipex_pytorch_cpu_vllm_benchmark_router-serving-GNR-weekly-automated/logs/client_TheBloke_TinyLlama-1.1B-Chat-v1.0-GPTQ__tp1_pp1_dp6_Length-1024_1024.log
deepseek-ai/DeepSeek-OCR__tp1_pp1_dp6,deepseek-ai/DeepSeek-OCR,3,1,1,6,router_dp,bfloat16,gnr,1024/1024,PASS,548,6667.22,2322.13,66.61,missing_result_file,28,https://inteltf-jenk.sh.intel.com/job/ipex_pytorch_cpu_vllm_benchmark_router-serving-GNR-weekly-automated/28/,/localdisk2/jenkins_dir/workspace/ipex_pytorch_cpu_vllm_benchmark_router-serving-GNR-weekly-automated/logs/server_deepseek-ai_DeepSeek-OCR__tp1_pp1_dp6.log,/localdisk2/jenkins_dir/workspace/ipex_pytorch_cpu_vllm_benchmark_router-serving-GNR-weekly-automated/logs/client_deepseek-ai_DeepSeek-OCR__tp1_pp1_dp6_Length-1024_1024.log
google/gemma-3-12b-it__tp2_pp1_dp2,google/gemma-3-12b-it,3,2,1,2,router_dp,bfloat16,gnr,1024/1024,PASS,25,261.55,4882.54,89.22,missing_result_file,28,https://inteltf-jenk.sh.intel.com/job/ipex_pytorch_cpu_vllm_benchmark_router-serving-GNR-weekly-automated/28/,/localdisk2/jenkins_dir/workspace/ipex_pytorch_cpu_vllm_benchmark_router-serving-GNR-weekly-automated/logs/server_google_gemma-3-12b-it__tp2_pp1_dp2.log,/localdisk2/jenkins_dir/workspace/ipex_pytorch_cpu_vllm_benchmark_router-serving-GNR-weekly-automated/logs/client_google_gemma-3-12b-it__tp2_pp1_dp2_Length-1024_1024.log
google/gemma-3-4b-it__tp1_pp1_dp6,google/gemma-3-4b-it,1,1,1,6,router_dp,bfloat16,gnr,1024/1024,PASS,145,1779.28,4991.37,72.86,missing_result_file,28,https://inteltf-jenk.sh.intel.com/job/ipex_pytorch_cpu_vllm_benchmark_router-serving-GNR-weekly-automated/28/,/localdisk2/jenkins_dir/workspace/ipex_pytorch_cpu_vllm_benchmark_router-serving-GNR-weekly-automated/logs/server_google_gemma-3-4b-it__tp1_pp1_dp6.log,/localdisk2/jenkins_dir/workspace/ipex_pytorch_cpu_vllm_benchmark_router-serving-GNR-weekly-automated/logs/client_google_gemma-3-4b-it__tp1_pp1_dp6_Length-1024_1024.log
google/gemma-7b__tp1_pp1_dp6,google/gemma-7b,1,1,1,6,router_dp,bfloat16,gnr,1024/1024,PASS,21,198.46,2017.1,99.88,missing_result_file,28,https://inteltf-jenk.sh.intel.com/job/ipex_pytorch_cpu_vllm_benchmark_router-serving-GNR-weekly-automated/28/,/localdisk2/jenkins_dir/workspace/ipex_pytorch_cpu_vllm_benchmark_router-serving-GNR-weekly-automated/logs/server_google_gemma-7b__tp1_pp1_dp6.log,/localdisk2/jenkins_dir/workspace/ipex_pytorch_cpu_vllm_benchmark_router-serving-GNR-weekly-automated/logs/client_google_gemma-7b__tp1_pp1_dp6_Length-1024_1024.log
hugging-quants/Meta-Llama-3.1-8B-Instruct-AWQ-INT4__tp1_pp1_dp6,hugging-quants/Meta-Llama-3.1-8B-Instruct-AWQ-INT4,3,1,1,6,router_dp,bfloat16,gnr,1024/1024,PASS,58,575.97,4898.87,93.03,missing_result_file,28,https://inteltf-jenk.sh.intel.com/job/ipex_pytorch_cpu_vllm_benchmark_router-serving-GNR-weekly-automated/28/,/localdisk2/jenkins_dir/workspace/ipex_pytorch_cpu_vllm_benchmark_router-serving-GNR-weekly-automated/logs/server_hugging-quants_Meta-Llama-3.1-8B-Instruct-AWQ-INT4__tp1_pp1_dp6.log,/localdisk2/jenkins_dir/workspace/ipex_pytorch_cpu_vllm_benchmark_router-serving-GNR-weekly-automated/logs/client_hugging-quants_Meta-Llama-3.1-8B-Instruct-AWQ-INT4__tp1_pp1_dp6_Length-1024_1024.log
ibm-granite/granite-3.2-2b-instruct__tp1_pp1_dp6,ibm-granite/granite-3.2-2b-instruct,1,1,1,6,router_dp,bfloat16,gnr,1024/1024,PASS,175,2482.15,4949.72,63.97,missing_result_file,28,https://inteltf-jenk.sh.intel.com/job/ipex_pytorch_cpu_vllm_benchmark_router-serving-GNR-weekly-automated/28/,/localdisk2/jenkins_dir/workspace/ipex_pytorch_cpu_vllm_benchmark_router-serving-GNR-weekly-automated/logs/server_ibm-granite_granite-3.2-2b-instruct__tp1_pp1_dp6.log,/localdisk2/jenkins_dir/workspace/ipex_pytorch_cpu_vllm_benchmark_router-serving-GNR-weekly-automated/logs/client_ibm-granite_granite-3.2-2b-instruct__tp1_pp1_dp6_Length-1024_1024.log
meta-llama/Llama-3.1-8B-Instruct__tp1_pp1_dp6,meta-llama/Llama-3.1-8B-Instruct,3,1,1,6,router_dp,bfloat16,gnr,1024/1024,PASS,35,377.48,4638.02,86.68,missing_result_file,28,https://inteltf-jenk.sh.intel.com/job/ipex_pytorch_cpu_vllm_benchmark_router-serving-GNR-weekly-automated/28/,/localdisk2/jenkins_dir/workspace/ipex_pytorch_cpu_vllm_benchmark_router-serving-GNR-weekly-automated/logs/server_meta-llama_Llama-3.1-8B-Instruct__tp1_pp1_dp6.log,/localdisk2/jenkins_dir/workspace/ipex_pytorch_cpu_vllm_benchmark_router-serving-GNR-weekly-automated/logs/client_meta-llama_Llama-3.1-8B-Instruct__tp1_pp1_dp6_Length-1024_1024.log
meta-llama/Llama-3.2-11B-Vision-Instruct__tp2_pp1_dp2,meta-llama/Llama-3.2-11B-Vision-Instruct,3,2,1,2,router_dp,bfloat16,gnr,1024/1024,INFRA_ERROR,,,,,startup_exit_1,28,https://inteltf-jenk.sh.intel.com/job/ipex_pytorch_cpu_vllm_benchmark_router-serving-GNR-weekly-automated/28/,/localdisk2/jenkins_dir/workspace/ipex_pytorch_cpu_vllm_benchmark_router-serving-GNR-weekly-automated/logs/server_meta-llama_Llama-3.2-11B-Vision-Instruct__tp2_pp1_dp2.log,
meta-llama/Llama-3.2-1B__tp1_pp1_dp6,meta-llama/Llama-3.2-1B,3,1,1,6,router_dp,bfloat16,gnr,1024/1024,PASS,360,7525.75,3588.5,42.82,missing_result_file,28,https://inteltf-jenk.sh.intel.com/job/ipex_pytorch_cpu_vllm_benchmark_router-serving-GNR-weekly-automated/28/,/localdisk2/jenkins_dir/workspace/ipex_pytorch_cpu_vllm_benchmark_router-serving-GNR-weekly-automated/logs/server_meta-llama_Llama-3.2-1B__tp1_pp1_dp6.log,/localdisk2/jenkins_dir/workspace/ipex_pytorch_cpu_vllm_benchmark_router-serving-GNR-weekly-automated/logs/client_meta-llama_Llama-3.2-1B__tp1_pp1_dp6_Length-1024_1024.log
meta-llama/Llama-3.2-3B-Instruct__tp1_pp1_dp6,meta-llama/Llama-3.2-3B-Instruct,3,1,1,6,router_dp,bfloat16,gnr,1024/1024,PASS,93,880.39,3522.06,99.86,missing_result_file,28,https://inteltf-jenk.sh.intel.com/job/ipex_pytorch_cpu_vllm_benchmark_router-serving-GNR-weekly-automated/28/,/localdisk2/jenkins_dir/workspace/ipex_pytorch_cpu_vllm_benchmark_router-serving-GNR-weekly-automated/logs/server_meta-llama_Llama-3.2-3B-Instruct__tp1_pp1_dp6.log,/localdisk2/jenkins_dir/workspace/ipex_pytorch_cpu_vllm_benchmark_router-serving-GNR-weekly-automated/logs/client_meta-llama_Llama-3.2-3B-Instruct__tp1_pp1_dp6_Length-1024_1024.log
meta-llama/Llama-3.3-70B-Instruct__tp4_pp1_dp1,meta-llama/Llama-3.3-70B-Instruct,3,4,1,1,none,bfloat16,gnr,1024/1024,SLA_NOT_MET,1,5.87,1789.87,168.67,missing_result_file,28,https://inteltf-jenk.sh.intel.com/job/ipex_pytorch_cpu_vllm_benchmark_router-serving-GNR-weekly-automated/28/,/localdisk2/jenkins_dir/workspace/ipex_pytorch_cpu_vllm_benchmark_router-serving-GNR-weekly-automated/logs/server_meta-llama_Llama-3.3-70B-Instruct__tp4_pp1_dp1.log,/localdisk2/jenkins_dir/workspace/ipex_pytorch_cpu_vllm_benchmark_router-serving-GNR-weekly-automated/logs/client_meta-llama_Llama-3.3-70B-Instruct__tp4_pp1_dp1_Length-1024_1024.log
meta-llama/Llama-4-Maverick-17B-128E-Instruct__tp4_pp1_dp1,meta-llama/Llama-4-Maverick-17B-128E-Instruct,1,4,1,1,none,bfloat16,gnr,1024/1024,PASS,4,41.42,2611.89,94.1,missing_result_file,28,https://inteltf-jenk.sh.intel.com/job/ipex_pytorch_cpu_vllm_benchmark_router-serving-GNR-weekly-automated/28/,/localdisk2/jenkins_dir/workspace/ipex_pytorch_cpu_vllm_benchmark_router-serving-GNR-weekly-automated/logs/server_meta-llama_Llama-4-Maverick-17B-128E-Instruct__tp4_pp1_dp1.log,/localdisk2/jenkins_dir/workspace/ipex_pytorch_cpu_vllm_benchmark_router-serving-GNR-weekly-automated/logs/client_meta-llama_Llama-4-Maverick-17B-128E-Instruct__tp4_pp1_dp1_Length-1024_1024.log
meta-llama/Llama-4-Scout-17B-16E-Instruct__tp4_pp1_dp1,meta-llama/Llama-4-Scout-17B-16E-Instruct,3,4,1,1,none,bfloat16,gnr,1024/1024,PASS,3,29.64,1580.96,99.74,missing_result_file,28,https://inteltf-jenk.sh.intel.com/job/ipex_pytorch_cpu_vllm_benchmark_router-serving-GNR-weekly-automated/28/,/localdisk2/jenkins_dir/workspace/ipex_pytorch_cpu_vllm_benchmark_router-serving-GNR-weekly-automated/logs/server_meta-llama_Llama-4-Scout-17B-16E-Instruct__tp4_pp1_dp1.log,/localdisk2/jenkins_dir/workspace/ipex_pytorch_cpu_vllm_benchmark_router-serving-GNR-weekly-automated/logs/client_meta-llama_Llama-4-Scout-17B-16E-Instruct__tp4_pp1_dp1_Length-1024_1024.log
microsoft/Phi-4-multimodal-instruct__tp1_pp1_dp6,microsoft/Phi-4-multimodal-instruct,3,1,1,6,router_dp,bfloat16,gnr,1024/1024,INFRA_ERROR,,,,,startup_exit_1,28,https://inteltf-jenk.sh.intel.com/job/ipex_pytorch_cpu_vllm_benchmark_router-serving-GNR-weekly-automated/28/,/localdisk2/jenkins_dir/workspace/ipex_pytorch_cpu_vllm_benchmark_router-serving-GNR-weekly-automated/logs/server_microsoft_Phi-4-multimodal-instruct__tp1_pp1_dp6.log,
microsoft/Phi-4-reasoning__tp2_pp1_dp2,microsoft/Phi-4-reasoning,3,2,1,2,router_dp,bfloat16,gnr,1024/1024,PASS,19,208.03,4800.21,86.68,missing_result_file,28,https://inteltf-jenk.sh.intel.com/job/ipex_pytorch_cpu_vllm_benchmark_router-serving-GNR-weekly-automated/28/,/localdisk2/jenkins_dir/workspace/ipex_pytorch_cpu_vllm_benchmark_router-serving-GNR-weekly-automated/logs/server_microsoft_Phi-4-reasoning__tp2_pp1_dp2.log,/localdisk2/jenkins_dir/workspace/ipex_pytorch_cpu_vllm_benchmark_router-serving-GNR-weekly-automated/logs/client_microsoft_Phi-4-reasoning__tp2_pp1_dp2_Length-1024_1024.log
mistralai/Mistral-7B-Instruct-v0.2__tp1_pp1_dp6,mistralai/Mistral-7B-Instruct-v0.2,3,1,1,6,router_dp,bfloat16,gnr,1024/1024,PASS,34,390.16,4681.1,80.3,missing_result_file,28,https://inteltf-jenk.sh.intel.com/job/ipex_pytorch_cpu_vllm_benchmark_router-serving-GNR-weekly-automated/28/,/localdisk2/jenkins_dir/workspace/ipex_pytorch_cpu_vllm_benchmark_router-serving-GNR-weekly-automated/logs/server_mistralai_Mistral-7B-Instruct-v0.2__tp1_pp1_dp6.log,/localdisk2/jenkins_dir/workspace/ipex_pytorch_cpu_vllm_benchmark_router-serving-GNR-weekly-automated/logs/client_mistralai_Mistral-7B-Instruct-v0.2__tp1_pp1_dp6_Length-1024_1024.log
openai/whisper-large-v3__tp1_pp1_dp6,openai/whisper-large-v3,3,1,1,6,native_dp,bfloat16,gnr,1024/1024,PASS,40,165.69,1219.26,86.51,missing_result_file,28,https://inteltf-jenk.sh.intel.com/job/ipex_pytorch_cpu_vllm_benchmark_router-serving-GNR-weekly-automated/28/,/localdisk2/jenkins_dir/workspace/ipex_pytorch_cpu_vllm_benchmark_router-serving-GNR-weekly-automated/logs/server_openai_whisper-large-v3__tp1_pp1_dp6.log,/localdisk2/jenkins_dir/workspace/ipex_pytorch_cpu_vllm_benchmark_router-serving-GNR-weekly-automated/logs/client_openai_whisper-large-v3__tp1_pp1_dp6_Length-1024_1024.log
unsloth/gpt-oss-20b-BF16__tp2_pp1_dp2,unsloth/gpt-oss-20b-BF16,3,2,1,2,router_dp,bfloat16,gnr,1024/1024,PASS,82,783.81,4605.33,99.65,missing_result_file,28,https://inteltf-jenk.sh.intel.com/job/ipex_pytorch_cpu_vllm_benchmark_router-serving-GNR-weekly-automated/28/,/localdisk2/jenkins_dir/workspace/ipex_pytorch_cpu_vllm_benchmark_router-serving-GNR-weekly-automated/logs/server_unsloth_gpt-oss-20b-BF16__tp2_pp1_dp2.log,/localdisk2/jenkins_dir/workspace/ipex_pytorch_cpu_vllm_benchmark_router-serving-GNR-weekly-automated/logs/client_unsloth_gpt-oss-20b-BF16__tp2_pp1_dp2_Length-1024_1024.log
zai-org/glm-4-9b-hf__tp1_pp1_dp6,zai-org/glm-4-9b-hf,1,1,1,6,router_dp,bfloat16,gnr,1024/1024,PASS,31,301.71,4812.72,95.36,missing_result_file,28,https://inteltf-jenk.sh.intel.com/job/ipex_pytorch_cpu_vllm_benchmark_router-serving-GNR-weekly-automated/28/,/localdisk2/jenkins_dir/workspace/ipex_pytorch_cpu_vllm_benchmark_router-serving-GNR-weekly-automated/logs/server_zai-org_glm-4-9b-hf__tp1_pp1_dp6.log,/localdisk2/jenkins_dir/workspace/ipex_pytorch_cpu_vllm_benchmark_router-serving-GNR-weekly-automated/logs/client_zai-org_glm-4-9b-hf__tp1_pp1_dp6_Length-1024_1024.log
